Real Investment,Real GNP,"Real Interest
Rate"
133.846,876.32,2.01519
152.636,929.4,1.85503
163.757,984.89,1.27246
155.325,1011.38,1.19365
161.497,1058.15,0.75828
172.024,1087.68,0.72098
157.682,1085.51,0.58072
173.315,1122.38,-0.10633
195,1185.9,0.34418
217.305,1254.28,0.69
198.731,1246.26,-0.9927
163.845,1231.58,-3.05657
194.877,1298.17,0.29291
231.417,1369.73,-0.3659
257.014,1438.57,0.0555
258.842,1479.5,1.63753
225.255,1475,2.5912
243.364,1513.84,4.04885
200.358,1485.4,5.00381
